descripcion,valor,categoria_final,pais,moneda
puma,58806,transporte,AR,ARS
pago en clinica indisa,11428,salud,CL,CLP
medife,55521,salud,AR,ARS
pago cuenta movistar,25101,servicios,CL,CLP
udemy,73944,educacion,AR,ARS
pago inacap,249728,educacion,CL,CLP
compra en easy,335685,vivienda,CL,CLP
compra en sportclub,19224,otros,AR,ARS
inscripcion en udemy,308622,educacion,AR,ARS
entrada ticketek,56797,ocio,AR,ARS
isapre nueva masvida,74579,salud,CL,CLP
suscripcion a inacap,81740,educacion,CL,CLP
pago easy,562865,vivienda,AR,ARS
pago factura movistar,48039,servicios,AR,ARS
flow,37088,servicios,AR,ARS
pago cuenta chilquinta,33085,servicios,CL,CLP
pago easy,596567,vivienda,AR,ARS
colectivo,10972,transporte,AR,ARS
regalo cumpleanos,62729,otros,AR,ARS
medife,51532,salud,AR,ARS
edesur,51856,servicios,AR,ARS
pago en farmacias ahumada,62963,salud,CL,CLP
suscripcion a hbo max,8188,ocio,CL,CLP
transferencia a familiar,29699,otros,AR,ARS
pago en uber eats,30216,alimentacion,CL,CLP
permiso de circulacion,9985,transporte,CL,CLP
entrada steam,27791,ocio,CL,CLP
consulta en clinica indisa,16542,salud,CL,CLP
pago cuenta chilquinta,78853,servicios,CL,CLP
expensas,513910,vivienda,AR,ARS
easy,266167,vivienda,CL,CLP
pago duoc uc,232971,educacion,CL,CLP
carga nafta en shell,27969,transporte,AR,ARS
metrogas,99346,servicios,AR,ARS
plan de internet hogar,61347,servicios,AR,ARS
panaderia,44681,alimentacion,AR,ARS
pago plan edenor,114089,servicios,AR,ARS
pago mensualidad sportclub,13643,otros,AR,ARS
disco,30789,alimentacion,AR,ARS
farmacity,97024,salud,AR,ARS
transferencia a familiar,15418,otros,CL,CLP
isapre vida tres,49396,salud,CL,CLP
entrada a concierto,40071,ocio,CL,CLP
cafe,10164,alimentacion,CL,CLP
carga nafta en cabify,42489,transporte,AR,ARS
entrada ticketmaster,40170,ocio,CL,CLP
viaje en uber,52651,transporte,AR,ARS
pago en disco,34143,alimentacion,AR,ARS
inscripcion en coursera,292051,educacion,CL,CLP
viaje en turbus,38141,transporte,CL,CLP
pago en construmart,362353,vivienda,CL,CLP
veterinaria,33760,otros,AR,ARS
inscripcion en platzi,267748,educacion,AR,ARS
inacap,41970,educacion,CL,CLP
alquiler casa,365914,vivienda,AR,ARS
sodimac,360563,vivienda,CL,CLP
suscripcion a platzi,350801,educacion,AR,ARS
compra en ticketmaster,19594,ocio,CL,CLP
entrada cinemark,39537,ocio,AR,ARS
compra en sportlife,13645,otros,CL,CLP
mantencion edificio,375068,vivienda,CL,CLP
sodimac,856268,vivienda,AR,ARS
compra en pacific gym,16322,otros,CL,CLP
pedido en mayorista 10,8329,alimentacion,CL,CLP
consulta en clinica indisa,44599,salud,CL,CLP
compra en easy,197341,vivienda,CL,CLP
pago mensualidad sportclub,53220,otros,AR,ARS
udemy,209881,educacion,AR,ARS
pago factura telecentro,54413,servicios,AR,ARS
utiles escolares,229877,educacion,AR,ARS
pago plan aysa,105905,servicios,AR,ARS
suscripcion a playstation store,48898,ocio,CL,CLP
inacap,259955,educacion,CL,CLP
plan de internet hogar,37575,servicios,AR,ARS
hbo max,64902,ocio,AR,ARS
donacion,11584,otros,CL,CLP
pago duoc uc,270958,educacion,CL,CLP
pago en construmart,440621,vivienda,CL,CLP
arriendo departamento,385789,vivienda,CL,CLP
taller mecanico,24966,transporte,CL,CLP
pago plan claro,111922,servicios,AR,ARS
compra en easy,214796,vivienda,CL,CLP
copec,9916,transporte,CL,CLP
almuerzo,5512,alimentacion,CL,CLP
restaurante,45002,alimentacion,AR,ARS
pago mensualidad sportclub,15163,otros,AR,ARS
suscripcion a udemy,200624,educacion,CL,CLP
pago cuenta gtd manquehue,69989,servicios,CL,CLP
servicio de aseo,217607,vivienda,CL,CLP
pago en sodimac,298317,vivienda,CL,CLP
carga bencina en uber,31479,transporte,CL,CLP
cuota jardin infantil,202150,educacion,CL,CLP
entrada a recital,48176,ocio,AR,ARS
compra en clinica alemana,12355,salud,CL,CLP
estacionamiento,56088,transporte,AR,ARS
lider,57759,alimentacion,CL,CLP
entrada playstation store,13432,ocio,CL,CLP
spotify,47989,ocio,CL,CLP
pago factura flow,38163,servicios,AR,ARS
suscripcion a udemy,397375,educacion,AR,ARS
cafe,12856,alimentacion,CL,CLP
sesion kinesiologo,75074,salud,AR,ARS
suscripcion a coursera,144591,educacion,AR,ARS
suscripcion a cine hoyts,69632,ocio,AR,ARS
pago en axion,42063,transporte,AR,ARS
disney plus,24334,ocio,CL,CLP
carga nafta en uber,44868,transporte,AR,ARS
inscripcion en udemy,186213,educacion,CL,CLP
pago mensualidad sportclub,10395,otros,AR,ARS
claro,57287,servicios,AR,ARS
compra en easy,864107,vivienda,AR,ARS
burger king,56338,alimentacion,CL,CLP
pago mensualidad sportclub,51187,otros,AR,ARS
suscripcion a spotify,66030,ocio,AR,ARS
arriendo casa,406558,vivienda,CL,CLP
suscripcion a coursera,71963,educacion,AR,ARS
inscripcion en platzi,376944,educacion,AR,ARS
sportclub,8231,otros,AR,ARS
compra en sodimac,356904,vivienda,AR,ARS
arriendo departamento,300800,vivienda,CL,CLP
compra en netflix,12183,ocio,CL,CLP
entrada netflix,56080,ocio,AR,ARS
compra en farmacia del pueblo,59959,salud,AR,ARS
easy,334037,vivienda,CL,CLP
salida fin de semana,57014,ocio,AR,ARS
revision tecnica,36944,transporte,CL,CLP
compra en sportclub,55851,otros,AR,ARS
consulta en farmacias ahumada,87242,salud,CL,CLP
subte,59852,transporte,AR,ARS
viaje en uber,21105,transporte,CL,CLP
viaje en beat,17915,transporte,CL,CLP
barugel azulay,806990,vivienda,AR,ARS
cuota universidad privada,347462,educacion,AR,ARS
compra en sodimac,344516,vivienda,CL,CLP
pago plan vtr,76830,servicios,CL,CLP
estacionamiento,31482,transporte,AR,ARS
entrada ticketmaster,12158,ocio,CL,CLP
salida fin de semana,17440,ocio,CL,CLP
pago en beat,39629,transporte,CL,CLP
alquiler departamento,676105,vivienda,AR,ARS
easy,391223,vivienda,CL,CLP
pago cuenta claro,64439,servicios,CL,CLP
cinemark,40465,ocio,CL,CLP
plan de internet hogar,101663,servicios,AR,ARS
pedido en ekono,50055,alimentacion,CL,CLP
isapre cruz blanca,14150,salud,CL,CLP
viaje en cabify,36516,transporte,CL,CLP
pago platzi,296518,educacion,AR,ARS
multa,39883,otros,CL,CLP
arriendo casa,371986,vivienda,CL,CLP
subte,8509,transporte,AR,ARS
carga nafta en shell,16195,transporte,AR,ARS
pago mensualidad sportclub,62645,otros,AR,ARS
salida fin de semana,59467,ocio,AR,ARS
pago en axion,53873,transporte,AR,ARS
pago platzi,298772,educacion,AR,ARS
salida a un bar,20185,ocio,AR,ARS
gastos comunes,283965,vivienda,CL,CLP
plan de internet hogar,101950,servicios,AR,ARS
aysa,30480,servicios,AR,ARS
pago cuenta movistar,53775,servicios,CL,CLP
pago en puma,40095,transporte,AR,ARS
prevencion salud,68291,salud,AR,ARS
easy,757309,vivienda,AR,ARS
turbus,34996,transporte,CL,CLP
sportclub,57528,otros,AR,ARS
tramite en notaria,49872,otros,CL,CLP
pago mensualidad pacific gym,48077,otros,CL,CLP
compra en sportclub,46591,otros,AR,ARS
plan de internet hogar,47481,servicios,CL,CLP
inscripcion en coursera,268197,educacion,CL,CLP
pago mensualidad sportlife,18962,otros,CL,CLP
entrada a recital,56340,ocio,AR,ARS
paseo,40226,ocio,CL,CLP
cuota jardin infantil,252752,educacion,CL,CLP
entrada netflix,25196,ocio,CL,CLP
compra en sodimac,375787,vivienda,CL,CLP
taller mecanico,5691,transporte,CL,CLP
turbus,34108,transporte,CL,CLP
sportlife,26731,otros,CL,CLP
viaje en shell,58999,transporte,AR,ARS
compra en salcobrand,39687,salud,CL,CLP
paseo,38733,ocio,CL,CLP
peluqueria,18754,otros,CL,CLP
entrada disney plus,25529,ocio,AR,ARS
salida fin de semana,25641,ocio,AR,ARS
pago en rappi,73849,alimentacion,AR,ARS
disney plus,11126,ocio,AR,ARS
cuota universidad privada,234002,educacion,AR,ARS
compra en sportlife,33992,otros,CL,CLP
omint,120556,salud,AR,ARS
pago en beat,17284,transporte,CL,CLP
pago inacap,172154,educacion,CL,CLP
compra en sportlife,8576,otros,CL,CLP
jumbo,22261,alimentacion,CL,CLP
carniceria,73028,alimentacion,AR,ARS
salcobrand,70323,salud,CL,CLP
pago mensualidad sportlife,29088,otros,CL,CLP
salida a un bar,24553,ocio,CL,CLP
salida fin de semana,32252,ocio,CL,CLP
expensas,878944,vivienda,AR,ARS
donacion,15481,otros,AR,ARS
plan de internet hogar,98018,servicios,AR,ARS
pago en sodimac,322216,vivienda,CL,CLP
suscripcion a ticketek,30519,ocio,AR,ARS
plan de internet hogar,103084,servicios,AR,ARS
multa,40523,otros,CL,CLP
cabify,8280,transporte,CL,CLP
pago barugel azulay,455852,vivienda,AR,ARS
mensualidad universidad de santiago,177263,educacion,CL,CLP
compra en playstation store,38447,ocio,CL,CLP
compra en pacific gym,45062,otros,CL,CLP
pago en uber eats,31941,alimentacion,CL,CLP
juan valdez,28700,alimentacion,CL,CLP
pago sodimac,484308,vivienda,AR,ARS
cuenta de gas lipigas,53812,servicios,CL,CLP
prevencion salud,33409,salud,AR,ARS
compra en la anonima,53406,alimentacion,AR,ARS
pago barugel azulay,459797,vivienda,AR,ARS
pago cuota farmacia del pueblo,68381,salud,AR,ARS
multa,34798,otros,CL,CLP
sportclub,58973,otros,AR,ARS
isapre consalud,43680,salud,CL,CLP
pago plan flow,79297,servicios,AR,ARS
pago cuota farmacia del pueblo,140116,salud,AR,ARS
cinemark,24610,ocio,CL,CLP
farmacity,138497,salud,AR,ARS
plan de internet hogar,76369,servicios,AR,ARS
coursera,88037,educacion,CL,CLP
farmacity,65362,salud,AR,ARS
pago en makro,29873,alimentacion,AR,ARS
plan de internet hogar,52346,servicios,AR,ARS
sodimac,648005,vivienda,AR,ARS
farmacia del pueblo,133348,salud,AR,ARS
sportclub,60216,otros,AR,ARS
makro,17034,alimentacion,AR,ARS
ypf,45965,transporte,AR,ARS
pago en juan valdez,33492,alimentacion,CL,CLP
isapre banmedica,76118,salud,CL,CLP
pago en sodimac,342589,vivienda,CL,CLP
puma,36102,transporte,AR,ARS
hbo max,43494,ocio,AR,ARS
plan de internet hogar,100862,servicios,AR,ARS
mensualidad universidad de santiago,28515,educacion,CL,CLP
almuerzo,14705,alimentacion,CL,CLP
plan de internet hogar,39917,servicios,AR,ARS
consulta en farmacia del pueblo,44250,salud,AR,ARS
veterinaria,30082,otros,CL,CLP
kiosco,44677,alimentacion,AR,ARS
carga nafta en puma,42503,transporte,AR,ARS
inscripcion en duoc uc,96571,educacion,CL,CLP
compra en dominos pizza,37021,alimentacion,CL,CLP
pago mensualidad pacific gym,31974,otros,CL,CLP
pago platzi,255889,educacion,CL,CLP
compra en construmart,393409,vivienda,CL,CLP
pago en ypf,39246,transporte,AR,ARS
amazon prime video,24504,ocio,CL,CLP
pago factura aysa,76369,servicios,AR,ARS
cuenta de agua aguas andinas,34613,servicios,CL,CLP
entrada a concierto,18045,ocio,CL,CLP
seguro de hogar,736801,vivienda,AR,ARS
pedido en makro,18957,alimentacion,AR,ARS
pago en easy,179826,vivienda,CL,CLP
ekono,15789,alimentacion,CL,CLP
permiso de circulacion,19263,transporte,CL,CLP
compra en sportlife,34986,otros,CL,CLP
compra en sodimac,660554,vivienda,AR,ARS
compra en coto,47874,alimentacion,AR,ARS
cuenta de gas metrogas,19847,servicios,CL,CLP
compra en la anonima,16163,alimentacion,AR,ARS
compra en sodimac,639813,vivienda,AR,ARS
la anonima,39278,alimentacion,AR,ARS
examen laboratorio,62939,salud,CL,CLP
consulta optica,68716,salud,AR,ARS
inscripcion en coursera,79479,educacion,CL,CLP
cuota universidad privada,291619,educacion,AR,ARS
pago en construmart,344759,vivienda,CL,CLP
regalo cumpleanos,25792,otros,AR,ARS
mensualidad universidad de chile,297589,educacion,CL,CLP
compra en sodimac,647668,vivienda,AR,ARS
cafe,55026,alimentacion,AR,ARS
pago en changomas,78244,alimentacion,AR,ARS
cafe,17478,alimentacion,CL,CLP
kiosco,27735,alimentacion,AR,ARS
viaje en didi,25028,transporte,CL,CLP
pago mensualidad megatlon,62359,otros,AR,ARS
compra en dia,49681,alimentacion,AR,ARS
carga nafta en shell,41314,transporte,AR,ARS
pago plan edesur,22981,servicios,AR,ARS
tramite en notaria,19275,otros,CL,CLP
cuota colegio,282453,educacion,AR,ARS
permiso de circulacion,14603,transporte,CL,CLP
personal,52749,servicios,AR,ARS
sesion psicologo,78048,salud,CL,CLP
compra en unimarc,41031,alimentacion,CL,CLP
suscripcion a hbo max,28419,ocio,AR,ARS
suscripcion a coursera,70416,educacion,AR,ARS
inacap,265899,educacion,CL,CLP
pago factura flow,39073,servicios,AR,ARS
pago mensualidad sportclub,11608,otros,AR,ARS
cuenta de gas metrogas,35590,servicios,CL,CLP
mensualidad universidad de chile,209526,educacion,CL,CLP
inscripcion en udemy,222462,educacion,CL,CLP
pedido en kfc,41256,alimentacion,CL,CLP
sportlife,18562,otros,CL,CLP
cafe,59851,alimentacion,AR,ARS
utiles escolares,215140,educacion,AR,ARS
suscripcion a udemy,245360,educacion,AR,ARS
compra en hbo max,60216,ocio,AR,ARS
compra en sportclub,28476,otros,AR,ARS
kiosco,58911,alimentacion,AR,ARS
compra en rappi,68731,alimentacion,AR,ARS
suscripcion a inacap,45063,educacion,CL,CLP
compra en construmart,391043,vivienda,CL,CLP
almuerzo,13180,alimentacion,CL,CLP
curso de ingles,242575,educacion,AR,ARS
mensualidad universidad,151389,educacion,CL,CLP
consulta en clinica alemana,64510,salud,CL,CLP
utiles escolares,140469,educacion,AR,ARS
utiles escolares,337274,educacion,AR,ARS
viaje en terpel,17021,transporte,CL,CLP
farmacia del pueblo,125523,salud,AR,ARS
regalo cumpleanos,33925,otros,CL,CLP
farmacia del pueblo,30664,salud,AR,ARS
suscripcion a cine hoyts,61334,ocio,AR,ARS
pago plan edenor,27329,servicios,AR,ARS
carniceria,75300,alimentacion,AR,ARS
pago mensualidad sportlife,25021,otros,CL,CLP
pago plan wom,32912,servicios,CL,CLP
cuenta de gas lipigas,43734,servicios,CL,CLP
salida fin de semana,55474,ocio,AR,ARS
farmacity,129518,salud,AR,ARS
wom,34357,servicios,CL,CLP
arriendo casa,242875,vivienda,CL,CLP
estacionamiento,32131,transporte,AR,ARS
pago factura flow,88585,servicios,AR,ARS
axion,9862,transporte,AR,ARS
coursera,201073,educacion,CL,CLP
cuenta de gas metrogas,47152,servicios,CL,CLP
plan de internet hogar,30417,servicios,AR,ARS
cinemark,52868,ocio,AR,ARS
compra en sportclub,25933,otros,AR,ARS
alquiler casa,338436,vivienda,AR,ARS
viaje en copec,27596,transporte,CL,CLP
didi,4280,transporte,CL,CLP
pago plan vtr,70565,servicios,CL,CLP
peaje,42533,transporte,AR,ARS
cafe,23217,alimentacion,CL,CLP
suscripcion a ticketek,63282,ocio,AR,ARS
compra en farmacia del pueblo,61359,salud,AR,ARS
pago en sodimac,172735,vivienda,CL,CLP
pago mensualidad sportlife,10521,otros,CL,CLP
cuenta de gas abastible,77719,servicios,CL,CLP
pedidosya,23655,alimentacion,AR,ARS
pago plan gtd manquehue,55490,servicios,CL,CLP
pago cuenta entel,50818,servicios,CL,CLP
reparacion del hogar,707777,vivienda,AR,ARS
transferencia a familiar,7112,otros,CL,CLP
compra en spotify,35075,ocio,CL,CLP
barugel azulay,347727,vivienda,AR,ARS
estacionamiento,29982,transporte,CL,CLP
ypf,29525,transporte,AR,ARS
pago en mayorista 10,47303,alimentacion,CL,CLP
pago en uber,17632,transporte,AR,ARS
matricula colegio,271967,educacion,CL,CLP
clinica alemana,61881,salud,CL,CLP
claro,56725,servicios,AR,ARS
pago plan vtr,75565,servicios,CL,CLP
curso de ingles,270888,educacion,CL,CLP
pago en changomas,27671,alimentacion,AR,ARS
compra en sodimac,209782,vivienda,CL,CLP
pago plan claro,49879,servicios,CL,CLP
compra en starbucks,51925,alimentacion,CL,CLP
plan de internet hogar,41864,servicios,AR,ARS
platzi,212502,educacion,AR,ARS
pago mensualidad sportlife,26108,otros,CL,CLP
compra en sportlife,35006,otros,CL,CLP
viaje en turbus,39070,transporte,CL,CLP
seguro de hogar,364064,vivienda,CL,CLP
inscripcion en udemy,388908,educacion,AR,ARS
entrada disney plus,58773,ocio,AR,ARS
compra en barugel azulay,531512,vivienda,AR,ARS
consulta dentista,64224,salud,AR,ARS
seguro de hogar,706881,vivienda,AR,ARS
reparacion del hogar,306185,vivienda,AR,ARS
cuenta de agua aguas andinas,65091,servicios,CL,CLP
suscripcion a ticketmaster,45178,ocio,CL,CLP
pago mensualidad pacific gym,32724,otros,CL,CLP
panaderia,31260,alimentacion,AR,ARS
suscripcion a platzi,52620,educacion,AR,ARS
pago platzi,188407,educacion,CL,CLP
pago mensualidad pacific gym,25524,otros,CL,CLP
carga bencina en cabify,5638,transporte,CL,CLP
spotify,59679,ocio,AR,ARS
compra en barugel azulay,694609,vivienda,AR,ARS
alquiler casa,324906,vivienda,AR,ARS
veterinaria,9483,otros,CL,CLP
pago en puma,23101,transporte,AR,ARS
viaje en terpel,27847,transporte,CL,CLP
examen de laboratorio,134711,salud,AR,ARS
compra en barugel azulay,709985,vivienda,AR,ARS
almuerzo,18101,alimentacion,AR,ARS
salida fin de semana,41558,ocio,CL,CLP
paseo,34395,ocio,CL,CLP
pago plan edenor,74519,servicios,AR,ARS
multa,59693,otros,AR,ARS
viaje en axion,21951,transporte,AR,ARS
salida fin de semana,29087,ocio,CL,CLP
paseo,27635,ocio,AR,ARS
inscripcion en coursera,331933,educacion,AR,ARS
prevencion salud,117267,salud,AR,ARS
mensualidad universidad de santiago,255572,educacion,CL,CLP
sancor salud,111113,salud,AR,ARS
pago en burger king,36143,alimentacion,AR,ARS
easy,501863,vivienda,AR,ARS
cuenta de gas metrogas,24779,servicios,CL,CLP
compra en amazon prime video,30771,ocio,CL,CLP
compra en sportclub,49330,otros,AR,ARS
suscripcion a netflix,20557,ocio,AR,ARS
consulta en farmacia del pueblo,22572,salud,AR,ARS
suscripcion a hbo max,34817,ocio,CL,CLP
sesion kinesiologo,70107,salud,CL,CLP
mensualidad universidad de chile,191670,educacion,CL,CLP
udemy,287323,educacion,AR,ARS
farmacia doctor simi,57089,salud,CL,CLP
axion,44647,transporte,AR,ARS
pago cuenta gtd manquehue,71981,servicios,CL,CLP
spotify,64600,ocio,AR,ARS
compra en disco,34569,alimentacion,AR,ARS
personal,22500,servicios,AR,ARS
transferencia a familiar,54220,otros,AR,ARS
compra en pedidosya,19935,alimentacion,CL,CLP
pago mensualidad pacific gym,15353,otros,CL,CLP
coursera,294429,educacion,AR,ARS
salida fin de semana,69004,ocio,AR,ARS
pago plan wom,71227,servicios,CL,CLP
veterinaria,55079,otros,AR,ARS
compra en sodimac,408277,vivienda,CL,CLP
pago barugel azulay,764586,vivienda,AR,ARS
sportclub,26226,otros,AR,ARS
peluqueria,41993,otros,AR,ARS
swiss medical,118650,salud,AR,ARS
feria lo valledor,49583,alimentacion,CL,CLP
carga bencina en turbus,29635,transporte,CL,CLP
compra en doggis,52405,alimentacion,CL,CLP
pago barugel azulay,876884,vivienda,AR,ARS
pago mensualidad sportclub,48048,otros,AR,ARS
multa,42540,otros,AR,ARS
pago plan wom,36618,servicios,CL,CLP
compra en easy,308030,vivienda,CL,CLP
compra en salcobrand,69942,salud,CL,CLP
cinepolis,35672,ocio,CL,CLP
paseo,29540,ocio,CL,CLP
mcdonalds,56454,alimentacion,CL,CLP
gtd manquehue,32519,servicios,CL,CLP
compra en sodimac,326499,vivienda,AR,ARS
plan de internet hogar,44832,servicios,AR,ARS
verduleria,18934,alimentacion,CL,CLP
inscripcion en coursera,35615,educacion,AR,ARS
almuerzo,75793,alimentacion,AR,ARS
pago barugel azulay,859837,vivienda,AR,ARS
pago udemy,92123,educacion,CL,CLP
plan de internet hogar,74269,servicios,AR,ARS
pago en farmacia doctor simi,66993,salud,CL,CLP
curso de ingles,255196,educacion,CL,CLP
sodimac,382554,vivienda,CL,CLP
inscripcion en coursera,169724,educacion,CL,CLP
paseo,25106,ocio,CL,CLP
construmart,386203,vivienda,CL,CLP
dividendo hipotecario,375480,vivienda,CL,CLP
platzi,111797,educacion,CL,CLP
carniceria,50762,alimentacion,AR,ARS
entrada ticketmaster,41891,ocio,CL,CLP
barugel azulay,636526,vivienda,AR,ARS
pago plan enel,61090,servicios,CL,CLP
curso de ingles,30629,educacion,AR,ARS
pago platzi,137698,educacion,AR,ARS
carga bencina en copec,29502,transporte,CL,CLP
ticketek,62280,ocio,AR,ARS
compra en sodimac,227360,vivienda,CL,CLP
taller mecanico,45650,transporte,AR,ARS
compra en burger king,19328,alimentacion,CL,CLP
pedido en santa isabel,22848,alimentacion,CL,CLP
carga nafta en puma,10099,transporte,AR,ARS
sportlife,38124,otros,CL,CLP
pago mensualidad megatlon,52924,otros,AR,ARS
compra en farmacity,122567,salud,AR,ARS
panaderia,29217,alimentacion,CL,CLP
alquiler departamento,603915,vivienda,AR,ARS
pago en clinica alemana,52823,salud,CL,CLP
sodimac,476831,vivienda,AR,ARS
compra en changomas,46219,alimentacion,AR,ARS
megatlon,50313,otros,AR,ARS
entrada amazon prime video,21155,ocio,CL,CLP
lider,8994,alimentacion,CL,CLP
pago easy,825465,vivienda,AR,ARS
pago cuenta claro,23879,servicios,CL,CLP
carniceria,15589,alimentacion,CL,CLP
pago mensualidad sportlife,9100,otros,CL,CLP
integramedica,62711,salud,CL,CLP
fonasa,43175,salud,CL,CLP
cafe,13286,alimentacion,AR,ARS
medife,37187,salud,AR,ARS
farmacia del pueblo,149207,salud,AR,ARS
viaje en turbus,20589,transporte,CL,CLP
netflix,16504,ocio,AR,ARS
cuota universidad privada,195533,educacion,AR,ARS
inacap,92560,educacion,CL,CLP
carrefour,62967,alimentacion,AR,ARS
compra en disney plus,55725,ocio,AR,ARS
metro de santiago,14754,transporte,CL,CLP
colectivo,32431,transporte,AR,ARS
axion,31928,transporte,AR,ARS
paseo,29457,ocio,CL,CLP
viaje en axion,58568,transporte,AR,ARS
mantencion edificio,196205,vivienda,CL,CLP
pedido en uber eats,38919,alimentacion,CL,CLP
copec,7772,transporte,CL,CLP
compra en integramedica,88611,salud,CL,CLP
pago factura telecentro,110386,servicios,AR,ARS
entrada a recital,11672,ocio,AR,ARS
compra en pacific gym,32413,otros,CL,CLP
pago en integramedica,86399,salud,CL,CLP
pago en construmart,209985,vivienda,CL,CLP
reparacion del hogar,783671,vivienda,AR,ARS
estacionamiento,27184,transporte,CL,CLP
playstation store,9081,ocio,CL,CLP
suscripcion a hbo max,19901,ocio,AR,ARS
wom,39896,servicios,CL,CLP
cuenta de gas lipigas,22013,servicios,CL,CLP
cuota universidad privada,75530,educacion,AR,ARS
multa,13590,otros,AR,ARS
pago factura aysa,115889,servicios,AR,ARS
cuota universidad privada,150170,educacion,AR,ARS
pago en clinica alemana,57098,salud,CL,CLP
platzi,240053,educacion,AR,ARS
pago en la anonima,42465,alimentacion,AR,ARS
reparacion del hogar,381758,vivienda,CL,CLP
cuenta de gas metrogas,45200,servicios,CL,CLP
compra en sodimac,176089,vivienda,CL,CLP
pago cuenta movistar,70733,servicios,CL,CLP
pedido en rappi,79258,alimentacion,AR,ARS
ypf,25208,transporte,AR,ARS
suscripcion a netflix,65585,ocio,AR,ARS
pago en sodimac,308765,vivienda,CL,CLP
verduleria de barrio,11847,alimentacion,AR,ARS
suscripcion a spotify,31971,ocio,AR,ARS
pacific gym,12542,otros,CL,CLP
cuenta de agua aguas andinas,24183,servicios,CL,CLP
aysa,22844,servicios,AR,ARS
entrada disney plus,43321,ocio,AR,ARS
viaje en axion,47694,transporte,AR,ARS
pago en farmacia doctor simi,34466,salud,CL,CLP
compra en sodimac,345374,vivienda,CL,CLP
inscripcion en udemy,397430,educacion,AR,ARS
entrada cinemark,7550,ocio,CL,CLP
duoc uc,171871,educacion,CL,CLP
plan de internet hogar,74700,servicios,AR,ARS
carga nafta en cabify,13671,transporte,AR,ARS
barugel azulay,576106,vivienda,AR,ARS
claro,39294,servicios,CL,CLP
pago factura edenor,68997,servicios,AR,ARS
regalo cumpleanos,17527,otros,AR,ARS
pago factura personal,21092,servicios,AR,ARS
compra en cine hoyts,18157,ocio,AR,ARS
cuenta de agua aguas andinas,68671,servicios,CL,CLP
carga bencina en terpel,18915,transporte,CL,CLP
salida a un bar,39439,ocio,CL,CLP
cuota colegio,333031,educacion,AR,ARS
pago en beat,34010,transporte,CL,CLP
compra en sodimac,163516,vivienda,CL,CLP
taller mecanico,14170,transporte,AR,ARS
salida a un bar,21800,ocio,AR,ARS
feria la vega central,13800,alimentacion,CL,CLP
compra en construmart,313852,vivienda,CL,CLP
pago en ypf,29409,transporte,AR,ARS
veterinaria,64938,otros,AR,ARS
pago mensualidad pacific gym,15771,otros,CL,CLP
recarga bip!,19353,transporte,CL,CLP
pedidosya,8191,alimentacion,AR,ARS
farmacia doctor simi,86927,salud,CL,CLP
compra en spotify,42296,ocio,AR,ARS
pago duoc uc,259659,educacion,CL,CLP
alquiler departamento,379062,vivienda,AR,ARS
arriendo departamento,444433,vivienda,CL,CLP
alquiler departamento,529448,vivienda,AR,ARS
cge,21059,servicios,CL,CLP
donacion,5071,otros,CL,CLP
pago mensualidad sportclub,10885,otros,AR,ARS
entel,35888,servicios,CL,CLP
alquiler casa,841455,vivienda,AR,ARS
entrada cinemark,14215,ocio,CL,CLP
pacific gym,8172,otros,CL,CLP
pago coursera,296054,educacion,CL,CLP
matricula colegio,224710,educacion,CL,CLP
farmacity,120224,salud,AR,ARS
pedido en rappi,21848,alimentacion,AR,ARS
puma,7189,transporte,AR,ARS
pago udemy,95323,educacion,CL,CLP
coursera,77272,educacion,AR,ARS
compra en easy,263911,vivienda,CL,CLP
utiles escolares,283667,educacion,CL,CLP
pago en sodimac,227432,vivienda,CL,CLP
clinica davila,58736,salud,CL,CLP
peluqueria,29029,otros,AR,ARS
cge,15808,servicios,CL,CLP
entrada a concierto,23970,ocio,CL,CLP
cuota colegio,143557,educacion,AR,ARS
pago plan edenor,39605,servicios,AR,ARS
compra en mcdonalds,46602,alimentacion,AR,ARS
entrada a recital,30536,ocio,AR,ARS
pago mensualidad megatlon,32943,otros,AR,ARS
compra en cruz verde,86609,salud,CL,CLP
pago cuenta enel,39718,servicios,CL,CLP
pago mensualidad sportclub,50342,otros,AR,ARS
pago plan edesur,112084,servicios,AR,ARS
clinica davila,80243,salud,CL,CLP
inscripcion en platzi,171048,educacion,CL,CLP
pago mensualidad pacific gym,38999,otros,CL,CLP
pago mensualidad sportlife,39042,otros,CL,CLP
consulta en farmacia del pueblo,147577,salud,AR,ARS
pago duoc uc,98391,educacion,CL,CLP
cuota jardin infantil,163244,educacion,CL,CLP
inscripcion en udemy,121768,educacion,AR,ARS
pedido en mcdonalds,12161,alimentacion,CL,CLP
compra en disney plus,69069,ocio,AR,ARS
rappi,28922,alimentacion,AR,ARS
feria la vega central,54385,alimentacion,CL,CLP
pago factura flow,57982,servicios,AR,ARS
taller mecanico,10923,transporte,AR,ARS
coursera,312016,educacion,AR,ARS
pago cuota farmacia del pueblo,149927,salud,AR,ARS
enel,16062,servicios,CL,CLP
colectivo,51710,transporte,AR,ARS
pedido en disco,68807,alimentacion,AR,ARS
consulta optica,142286,salud,AR,ARS
easy,333560,vivienda,CL,CLP
carniceria,46874,alimentacion,CL,CLP
pago platzi,297808,educacion,AR,ARS
dividendo hipotecario,318572,vivienda,CL,CLP
utiles escolares,197752,educacion,CL,CLP
compra en disco,36707,alimentacion,AR,ARS
expensas,706945,vivienda,AR,ARS
plan de internet hogar,78065,servicios,AR,ARS
carga sube,27147,transporte,AR,ARS
pago udemy,64886,educacion,CL,CLP
compra en salcobrand,64048,salud,CL,CLP
barugel azulay,874416,vivienda,AR,ARS
taller mecanico,38004,transporte,CL,CLP
cine hoyts,22921,ocio,CL,CLP
carniceria,55069,alimentacion,AR,ARS
curso de ingles,44339,educacion,AR,ARS
entrada a recital,38987,ocio,AR,ARS
pago plan cge,19981,servicios,CL,CLP
cine hoyts,49613,ocio,CL,CLP
viaje en beat,16901,transporte,CL,CLP
seguro de hogar,382318,vivienda,CL,CLP
compra en spotify,47029,ocio,CL,CLP
netflix,44636,ocio,AR,ARS
recarga bip!,13649,transporte,CL,CLP
carga sube,32160,transporte,AR,ARS
pago sodimac,708422,vivienda,AR,ARS
changomas,79638,alimentacion,AR,ARS
regalo cumpleanos,45850,otros,AR,ARS
compra en clinica davila,68483,salud,CL,CLP
matricula colegio,209213,educacion,CL,CLP
feria la vega central,20256,alimentacion,CL,CLP
carga nafta en puma,35478,transporte,AR,ARS
compra en jumbo,50286,alimentacion,CL,CLP
clinica davila,44210,salud,CL,CLP
entrada a concierto,21217,ocio,CL,CLP
compra en playstation store,49612,ocio,CL,CLP
consulta en farmacity,33827,salud,AR,ARS
salida a un bar,24555,ocio,CL,CLP
duoc uc,212061,educacion,CL,CLP
pago cuenta wom,31711,servicios,CL,CLP
mensualidad universidad de chile,214269,educacion,CL,CLP
compra en ekono,15587,alimentacion,CL,CLP
paseo,32339,ocio,AR,ARS
pago factura personal,50266,servicios,AR,ARS
ypf,46982,transporte,AR,ARS
feria lo valledor,20003,alimentacion,CL,CLP
platzi,197009,educacion,CL,CLP
compra en jumbo,27298,alimentacion,CL,CLP
entrada a recital,38201,ocio,AR,ARS
salida fin de semana,9299,ocio,AR,ARS
sportlife,13649,otros,CL,CLP
entrada a recital,42345,ocio,AR,ARS
changomas,70787,alimentacion,AR,ARS
curso de ingles,300434,educacion,AR,ARS
arriendo departamento,334519,vivienda,CL,CLP
compra en clinica las condes,86381,salud,CL,CLP
isapre vida tres,35162,salud,CL,CLP
utiles escolares,150165,educacion,CL,CLP
consulta en farmacia del pueblo,57516,salud,AR,ARS
pago en sodimac,339812,vivienda,CL,CLP
entrada a concierto,37047,ocio,CL,CLP
plan de internet hogar,65603,servicios,AR,ARS
consulta en farmacity,36552,salud,AR,ARS
compra en dia,49288,alimentacion,AR,ARS
pago factura aysa,93156,servicios,AR,ARS
pago cuenta entel,24388,servicios,CL,CLP
paseo,64119,ocio,AR,ARS
viaje en copec,5614,transporte,CL,CLP
suscripcion a hbo max,35671,ocio,AR,ARS
taller mecanico,37595,transporte,AR,ARS
entrada spotify,60800,ocio,AR,ARS
pago cuota farmacia del pueblo,36164,salud,AR,ARS
reparacion del hogar,724814,vivienda,AR,ARS
pago mensualidad pacific gym,12693,otros,CL,CLP
plan de internet hogar,27094,servicios,AR,ARS
compra en megatlon,53849,otros,AR,ARS
compra en easy,261536,vivienda,CL,CLP
barugel azulay,674486,vivienda,AR,ARS
pago en sodimac,262298,vivienda,CL,CLP
beat,37382,transporte,CL,CLP
carga sube,10616,transporte,AR,ARS
compra en farmacia del pueblo,22732,salud,AR,ARS
entrada a concierto,24035,ocio,CL,CLP
expensas,809462,vivienda,AR,ARS
puma,15955,transporte,AR,ARS
seguro de hogar,390146,vivienda,CL,CLP
pago en pedidosya,24445,alimentacion,CL,CLP
pago plan vtr,50426,servicios,CL,CLP
carga sube,10703,transporte,AR,ARS
plan de internet hogar,69362,servicios,AR,ARS
viaje en terpel,21725,transporte,CL,CLP
prevencion salud,107434,salud,AR,ARS
consulta en farmacia del pueblo,19794,salud,AR,ARS
pago en sodimac,261204,vivienda,CL,CLP
seguro de hogar,408975,vivienda,AR,ARS
compra en megatlon,9900,otros,AR,ARS
colectivo,40784,transporte,AR,ARS
compra en steam,25562,ocio,CL,CLP
plan de internet hogar,114841,servicios,AR,ARS
matricula colegio,222837,educacion,CL,CLP
platzi,242560,educacion,CL,CLP
pago mensualidad megatlon,46686,otros,AR,ARS
suscripcion a cinemark,18362,ocio,CL,CLP
gasto imprevisto,11851,otros,CL,CLP
clinica indisa,71550,salud,CL,CLP
recarga bip!,16065,transporte,CL,CLP
compra en spotify,22332,ocio,CL,CLP
pedidosya,59327,alimentacion,AR,ARS
compra en burger king,15328,alimentacion,AR,ARS
pago cuenta claro,76880,servicios,CL,CLP
inscripcion en coursera,85935,educacion,AR,ARS
kfc,45086,alimentacion,CL,CLP
pago cuota farmacity,42399,salud,AR,ARS
suscripcion a duoc uc,74349,educacion,CL,CLP
compra en clinica davila,58523,salud,CL,CLP
pago duoc uc,179448,educacion,CL,CLP
consulta optica,36566,salud,CL,CLP
permiso de circulacion,21292,transporte,CL,CLP
clinica las condes,54808,salud,CL,CLP
disney plus,21038,ocio,AR,ARS
viaje en copec,31173,transporte,CL,CLP
isapre banmedica,85931,salud,CL,CLP
compra en dia,40215,alimentacion,AR,ARS
pacific gym,48149,otros,CL,CLP
isapre cruz blanca,81720,salud,CL,CLP
suscripcion a platzi,238411,educacion,CL,CLP
construmart,315747,vivienda,CL,CLP
consulta en farmacia del pueblo,128628,salud,AR,ARS
pago plan vtr,68509,servicios,CL,CLP
compra en cine hoyts,14760,ocio,CL,CLP
pago barugel azulay,439116,vivienda,AR,ARS
pago en clinica las condes,74621,salud,CL,CLP
salida a un bar,11917,ocio,AR,ARS
pago en terpel,16050,transporte,CL,CLP
jardin de infantes,240025,educacion,AR,ARS
paseo,38769,ocio,CL,CLP
compra en spotify,11252,ocio,AR,ARS
carga nafta en cabify,31837,transporte,AR,ARS
carga nafta en axion,10814,transporte,AR,ARS
cge,60588,servicios,CL,CLP
pedido en ekono,32648,alimentacion,CL,CLP
compra en farmacity,86541,salud,AR,ARS
turbus,15912,transporte,CL,CLP
carga nafta en shell,53740,transporte,AR,ARS
entrada playstation store,6241,ocio,CL,CLP
transferencia a familiar,35987,otros,AR,ARS
compra en sportlife,35281,otros,CL,CLP
salida a un bar,14811,ocio,AR,ARS
claro,86655,servicios,AR,ARS
multa,69045,otros,AR,ARS
pago en redsalud,19871,salud,CL,CLP
pago en construmart,428164,vivienda,CL,CLP
suscripcion a coursera,92767,educacion,CL,CLP
transferencia a familiar,47984,otros,CL,CLP
salida a un bar,42153,ocio,AR,ARS
pedido en acuenta,9652,alimentacion,CL,CLP
udemy,121645,educacion,AR,ARS
metrogas,61307,servicios,AR,ARS
reparacion del hogar,609307,vivienda,AR,ARS
pago cuota farmacity,62363,salud,AR,ARS
steam,10862,ocio,CL,CLP
compra en sportlife,8962,otros,CL,CLP
compra en megatlon,22666,otros,AR,ARS
permiso de circulacion,14120,transporte,CL,CLP
pago en clinica davila,10224,salud,CL,CLP
kfc,9940,alimentacion,CL,CLP
compra en easy,158273,vivienda,CL,CLP
integramedica,45730,salud,CL,CLP
compra en megatlon,35686,otros,AR,ARS
pago mensualidad sportclub,44003,otros,AR,ARS
dia,54769,alimentacion,AR,ARS
entrada playstation store,30856,ocio,CL,CLP
pago plan telecentro,70785,servicios,AR,ARS
cinemark,47042,ocio,CL,CLP
pago plan movistar,57514,servicios,CL,CLP
compra en changomas,34406,alimentacion,AR,ARS
pago factura personal,94588,servicios,AR,ARS
compra en sodimac,894849,vivienda,AR,ARS
shell,33847,transporte,CL,CLP
curso de ingles,161146,educacion,AR,ARS
pago en condor bus,28164,transporte,CL,CLP
fonasa,21299,salud,CL,CLP
compra en farmacias ahumada,84887,salud,CL,CLP
cuenta de agua aguas andinas,39448,servicios,CL,CLP
pago en telepizza,43618,alimentacion,CL,CLP
matricula colegio,34875,educacion,CL,CLP
matricula colegio,235408,educacion,CL,CLP
pago en sodimac,166073,vivienda,CL,CLP
reparacion del hogar,473899,vivienda,AR,ARS
pacific gym,5628,otros,CL,CLP
estacionamiento,39692,transporte,CL,CLP
pacific gym,39151,otros,CL,CLP
pago barugel azulay,349261,vivienda,AR,ARS
carniceria,48306,alimentacion,AR,ARS
consulta en clinica indisa,86057,salud,CL,CLP
cuenta de agua aguas andinas,77456,servicios,CL,CLP
compra en barugel azulay,696905,vivienda,AR,ARS
disney plus,38617,ocio,AR,ARS
osde,86170,salud,AR,ARS
consulta en cruz verde,21551,salud,CL,CLP
flow,59562,servicios,AR,ARS
compra en sportclub,51222,otros,AR,ARS
cinepolis,42910,ocio,CL,CLP
consulta en farmacia del pueblo,143256,salud,AR,ARS
compra en construmart,324854,vivienda,CL,CLP
multa,44994,otros,CL,CLP
pago factura flow,27878,servicios,AR,ARS
pago platzi,247376,educacion,AR,ARS
pago en terpel,37163,transporte,CL,CLP
pago en coto,15212,alimentacion,AR,ARS
spotify,37042,ocio,AR,ARS
restaurante,12244,alimentacion,AR,ARS
expensas,873167,vivienda,AR,ARS
farmacia del pueblo,119750,salud,AR,ARS
pedido en dia,73065,alimentacion,AR,ARS
donacion,29842,otros,AR,ARS
plan de internet hogar,86151,servicios,AR,ARS
farmacity,141197,salud,AR,ARS
sportclub,47612,otros,AR,ARS
pedido en coto,73803,alimentacion,AR,ARS
peaje autopista,13128,transporte,CL,CLP
pago en integramedica,37530,salud,CL,CLP
pago factura claro,116425,servicios,AR,ARS
alquiler casa,576021,vivienda,AR,ARS
pago en burger king,26859,alimentacion,CL,CLP
compra en barugel azulay,523530,vivienda,AR,ARS
expensas,453541,vivienda,AR,ARS
revision tecnica,20700,transporte,CL,CLP
colectivo,34270,transporte,AR,ARS
flow,102023,servicios,AR,ARS
pago mensualidad pacific gym,34651,otros,CL,CLP
plan de internet hogar,101681,servicios,AR,ARS
taller mecanico,23047,transporte,AR,ARS
taller mecanico,40397,transporte,AR,ARS
copec,20118,transporte,CL,CLP
cabify,30460,transporte,CL,CLP
panaderia,51723,alimentacion,CL,CLP
wom,51669,servicios,CL,CLP
inscripcion en platzi,47620,educacion,AR,ARS
pago udemy,131987,educacion,AR,ARS
entrada ticketek,58543,ocio,AR,ARS
compra en sportclub,39368,otros,AR,ARS
utiles escolares,344701,educacion,AR,ARS
dia,43227,alimentacion,AR,ARS
entrada cine hoyts,30752,ocio,AR,ARS
suscripcion a platzi,178767,educacion,CL,CLP
verduleria de barrio,54095,alimentacion,AR,ARS
sportclub,43190,otros,AR,ARS
arriendo departamento,295371,vivienda,CL,CLP
farmacity,69314,salud,AR,ARS
compra en sportclub,44044,otros,AR,ARS
pago mensualidad sportclub,39684,otros,AR,ARS
consulta en cruz verde,40954,salud,CL,CLP
expensas,390707,vivienda,AR,ARS
farmacia del pueblo,24304,salud,AR,ARS
cuota colegio,171531,educacion,AR,ARS
isapre colmena,64871,salud,CL,CLP
farmacity,139980,salud,AR,ARS
estacionamiento,31014,transporte,AR,ARS
pago en sodimac,230147,vivienda,CL,CLP
permiso de circulacion,33630,transporte,CL,CLP
inscripcion en coursera,195492,educacion,AR,ARS
cuenta de agua aguas andinas,20376,servicios,CL,CLP
compra en sportclub,60364,otros,AR,ARS
utiles escolares,303701,educacion,AR,ARS
reparacion del hogar,445956,vivienda,CL,CLP
suscripcion a duoc uc,253366,educacion,CL,CLP
entrada a recital,12513,ocio,AR,ARS
compra en disco,16450,alimentacion,AR,ARS
examen de laboratorio,70597,salud,AR,ARS
subte,13269,transporte,AR,ARS
pago plan movistar,31507,servicios,AR,ARS
suscripcion a duoc uc,84236,educacion,CL,CLP
alquiler casa,612534,vivienda,AR,ARS
estacionamiento,19910,transporte,AR,ARS
pago plan movistar,103000,servicios,AR,ARS
sesion kinesiologo,36300,salud,CL,CLP
compra en megatlon,30914,otros,AR,ARS
carga nafta en puma,29998,transporte,AR,ARS
cuenta de gas lipigas,59676,servicios,CL,CLP
cine hoyts,12353,ocio,CL,CLP
curso de ingles,118857,educacion,AR,ARS
entrada hbo max,14308,ocio,AR,ARS
compra en farmacity,38948,salud,AR,ARS
pago en uber,11566,transporte,AR,ARS
compra en tottus,49250,alimentacion,CL,CLP
pago plan wom,60544,servicios,CL,CLP
colectivo,29140,transporte,AR,ARS
revision tecnica,15133,transporte,CL,CLP
sportlife,14284,otros,CL,CLP
entrada a concierto,41758,ocio,CL,CLP
carga bencina en condor bus,21258,transporte,CL,CLP
viaje en uber,28647,transporte,AR,ARS
viaje en cabify,36001,transporte,AR,ARS
compra en sodimac,208138,vivienda,CL,CLP
farmacia del pueblo,34903,salud,AR,ARS
compra en rappi,47348,alimentacion,CL,CLP
pago barugel azulay,833447,vivienda,AR,ARS
platzi,343247,educacion,AR,ARS
compra en pricesmart,18730,alimentacion,CL,CLP
viaje en didi,30248,transporte,CL,CLP
compra en sportlife,23233,otros,CL,CLP
disco,23117,alimentacion,AR,ARS
seguro de hogar,766991,vivienda,AR,ARS
pago en lider,20597,alimentacion,CL,CLP
pago mensualidad sportlife,33151,otros,CL,CLP
examen de laboratorio,98683,salud,AR,ARS
suscripcion a platzi,323126,educacion,AR,ARS
compra en spotify,35959,ocio,CL,CLP
compra en mayorista 10,42170,alimentacion,CL,CLP
medife,37146,salud,AR,ARS
alquiler departamento,695521,vivienda,AR,ARS
udemy,346780,educacion,AR,ARS
kiosco,25133,alimentacion,AR,ARS
salida a un bar,32973,ocio,AR,ARS
pago en dominos pizza,27872,alimentacion,CL,CLP
farmacia del pueblo,127196,salud,AR,ARS
isapre consalud,63153,salud,CL,CLP
pago plan gtd manquehue,20873,servicios,CL,CLP
compra en changomas,64774,alimentacion,AR,ARS
recarga bip!,23384,transporte,CL,CLP
cuenta de gas lipigas,76417,servicios,CL,CLP
compra en farmacity,64888,salud,AR,ARS
regalo cumpleanos,15136,otros,AR,ARS
peluqueria,38931,otros,CL,CLP
paseo,39939,ocio,CL,CLP
plan de internet hogar,49716,servicios,AR,ARS
gasto imprevisto,9641,otros,CL,CLP
peluqueria,37421,otros,CL,CLP
peaje,24585,transporte,AR,ARS
isapre vida tres,71698,salud,CL,CLP
carga bencina en terpel,3363,transporte,CL,CLP
duoc uc,144117,educacion,CL,CLP
compra en acuenta,6378,alimentacion,CL,CLP
compra en pedidosya,74247,alimentacion,AR,ARS
uber,33267,transporte,AR,ARS
easy,325452,vivienda,CL,CLP
almacen de barrio,31634,alimentacion,CL,CLP
construmart,312650,vivienda,CL,CLP
feria la vega central,10613,alimentacion,CL,CLP
sportclub,69462,otros,AR,ARS
salida fin de semana,46239,ocio,CL,CLP
plan de internet hogar,106013,servicios,AR,ARS
plan de internet hogar,25210,servicios,AR,ARS
suscripcion a platzi,332338,educacion,AR,ARS
entrada cine hoyts,49583,ocio,CL,CLP
entrada cine hoyts,47163,ocio,AR,ARS
sportlife,24178,otros,CL,CLP
suscripcion a platzi,313518,educacion,AR,ARS
viaje en axion,8252,transporte,AR,ARS
pedido en dominos pizza,38281,alimentacion,CL,CLP
inscripcion en coursera,253788,educacion,CL,CLP
compra en steam,9071,ocio,CL,CLP
consulta en clinica alemana,65981,salud,CL,CLP
cuenta de gas abastible,22463,servicios,CL,CLP
pago plan flow,71563,servicios,AR,ARS
feria la vega central,15016,alimentacion,CL,CLP
consulta en clinica alemana,40683,salud,CL,CLP
pago en pricesmart,20785,alimentacion,CL,CLP
reparacion del hogar,332709,vivienda,AR,ARS
compra en clinica alemana,26747,salud,CL,CLP
compra en coto,16083,alimentacion,AR,ARS
entrada netflix,28758,ocio,CL,CLP
compra en sportlife,37460,otros,CL,CLP
farmacity,115746,salud,AR,ARS
almuerzo,7361,alimentacion,CL,CLP
suscripcion a hbo max,20435,ocio,CL,CLP
mensualidad universidad de chile,249361,educacion,CL,CLP
multa,37706,otros,AR,ARS
compra en pacific gym,42053,otros,CL,CLP
viaje en condor bus,22376,transporte,CL,CLP
consulta dentista,62867,salud,AR,ARS
cuota universidad privada,156907,educacion,AR,ARS
cafe,41980,alimentacion,AR,ARS
arriendo departamento,290219,vivienda,CL,CLP
consulta optica,79607,salud,CL,CLP
transferencia a familiar,10401,otros,CL,CLP
coursera,250548,educacion,CL,CLP
compra en sodimac,638302,vivienda,AR,ARS
pedido en dominos pizza,18880,alimentacion,CL,CLP
suscripcion a platzi,32867,educacion,AR,ARS
pago en clinica davila,11734,salud,CL,CLP
clinica las condes,57976,salud,CL,CLP
compra en pacific gym,9949,otros,CL,CLP
mantencion edificio,230026,vivienda,CL,CLP
spotify,9872,ocio,AR,ARS
compra en coto,36679,alimentacion,AR,ARS
pago cuota farmacity,75162,salud,AR,ARS
pago en beat,27837,transporte,CL,CLP
peluqueria,37432,otros,CL,CLP
compra en vea,40534,alimentacion,AR,ARS
compra en megatlon,53522,otros,AR,ARS
taller mecanico,24118,transporte,CL,CLP
veterinaria,14089,otros,AR,ARS
tramite en notaria,11943,otros,CL,CLP
donacion,32676,otros,CL,CLP
pago factura metrogas,24224,servicios,AR,ARS
pago en clinica indisa,54986,salud,CL,CLP
compra en megatlon,58645,otros,AR,ARS
plan de internet hogar,37326,servicios,AR,ARS
pago en ekono,29898,alimentacion,CL,CLP
plan de internet hogar,118676,servicios,AR,ARS
didi,14909,transporte,CL,CLP
peluqueria,27082,otros,AR,ARS
omint,47545,salud,AR,ARS
alquiler departamento,889179,vivienda,AR,ARS
pago barugel azulay,375623,vivienda,AR,ARS
pedido en pricesmart,7847,alimentacion,CL,CLP
coursera,288298,educacion,AR,ARS
transferencia a familiar,11117,otros,CL,CLP
easy,447582,vivienda,CL,CLP
pago cuenta vtr,59149,servicios,CL,CLP
puma,37314,transporte,AR,ARS
plan de internet hogar,92569,servicios,AR,ARS
plan de internet hogar,119323,servicios,AR,ARS
mantencion edificio,210232,vivienda,CL,CLP
expensas,311691,vivienda,AR,ARS
feria la vega central,54846,alimentacion,CL,CLP
inscripcion en coursera,184272,educacion,AR,ARS
compra en netflix,32225,ocio,CL,CLP
viaje en didi,24420,transporte,CL,CLP
taller mecanico,12986,transporte,CL,CLP
compra en montserrat,45708,alimentacion,CL,CLP
isapre colmena,40003,salud,CL,CLP
cuenta de gas lipigas,63532,servicios,CL,CLP
consulta optica,147394,salud,AR,ARS
isapre esencial,68242,salud,CL,CLP
paseo,28982,ocio,CL,CLP
farmacity,57483,salud,AR,ARS
plan de internet hogar,111104,servicios,AR,ARS
compra en sportclub,49409,otros,AR,ARS
personal,100769,servicios,AR,ARS
mensualidad universidad de santiago,63974,educacion,CL,CLP
puma,40851,transporte,AR,ARS
curso de ingles,124951,educacion,CL,CLP
compra en sodimac,538703,vivienda,AR,ARS
compra en sportclub,15728,otros,AR,ARS
consulta en farmacia del pueblo,53783,salud,AR,ARS
mensualidad universidad,290485,educacion,CL,CLP
chilquinta,51856,servicios,CL,CLP
pago cuenta wom,19409,servicios,CL,CLP
recarga bip!,14526,transporte,CL,CLP
regalo cumpleanos,5528,otros,CL,CLP
taller mecanico,46884,transporte,AR,ARS
plan de internet hogar,61614,servicios,AR,ARS
pago mensualidad sportclub,62198,otros,AR,ARS
pago cuenta movistar,60734,servicios,CL,CLP
viaje en uber,10506,transporte,CL,CLP
reparacion del hogar,393245,vivienda,CL,CLP
suscripcion a cine hoyts,12395,ocio,CL,CLP
tramite en notaria,37077,otros,CL,CLP
shell,8720,transporte,AR,ARS
pago cuenta enel,33005,servicios,CL,CLP
examen de laboratorio,54698,salud,AR,ARS
pago en uber,10933,transporte,CL,CLP
consulta en farmacia del pueblo,53032,salud,AR,ARS
disney plus,9399,ocio,AR,ARS
salida a un bar,35937,ocio,CL,CLP
inscripcion en udemy,290205,educacion,CL,CLP
sesion psicologo,54968,salud,CL,CLP
suscripcion a inacap,204977,educacion,CL,CLP
pago en rappi,69824,alimentacion,AR,ARS
pago en sodimac,444339,vivienda,CL,CLP
compra en salcobrand,52301,salud,CL,CLP
examen laboratorio,76643,salud,CL,CLP
integramedica,43696,salud,CL,CLP
cinepolis,47877,ocio,CL,CLP
estacionamiento,36780,transporte,CL,CLP
isapre cruz blanca,36439,salud,CL,CLP
restaurante,20925,alimentacion,CL,CLP
pago en montserrat,51936,alimentacion,CL,CLP
curso de ingles,280845,educacion,CL,CLP
paseo,21676,ocio,CL,CLP
vtr,61708,servicios,CL,CLP
compra en spotify,41035,ocio,CL,CLP
compra en makro,9610,alimentacion,AR,ARS
consulta en farmacia del pueblo,12439,salud,AR,ARS
clinica alemana,68532,salud,CL,CLP
pago coursera,98329,educacion,AR,ARS
compra en cruz verde,80392,salud,CL,CLP
peaje,7541,transporte,AR,ARS
edenor,49170,servicios,AR,ARS
permiso de circulacion,29497,transporte,CL,CLP
pedido en juan valdez,49866,alimentacion,CL,CLP
cafe,47129,alimentacion,CL,CLP
cuota universidad privada,180622,educacion,AR,ARS
pago mensualidad sportlife,14194,otros,CL,CLP
pago factura edesur,75514,servicios,AR,ARS
compra en sportlife,33140,otros,CL,CLP
pago platzi,165402,educacion,AR,ARS
pago udemy,204311,educacion,CL,CLP
suscripcion a hbo max,46859,ocio,CL,CLP
gasto imprevisto,14374,otros,AR,ARS
pago en puma,50033,transporte,AR,ARS
paseo,29618,ocio,CL,CLP
cruz verde,80529,salud,CL,CLP
pago cuenta enel,64918,servicios,CL,CLP
pago plan movistar,47589,servicios,CL,CLP
veterinaria,47046,otros,CL,CLP
cuenta de gas abastible,65027,servicios,CL,CLP
plan de internet hogar,37241,servicios,AR,ARS
verduleria de barrio,31507,alimentacion,AR,ARS
gasto imprevisto,34879,otros,AR,ARS
pago mensualidad sportclub,30371,otros,AR,ARS
almuerzo,51246,alimentacion,CL,CLP
jardin de infantes,244352,educacion,AR,ARS
compra en sportlife,19735,otros,CL,CLP
dia,26566,alimentacion,AR,ARS
sesion kinesiologo,136003,salud,AR,ARS
cge,44146,servicios,CL,CLP
compra en acuenta,10957,alimentacion,CL,CLP
compra en megatlon,67451,otros,AR,ARS
suscripcion a coursera,162976,educacion,AR,ARS
compra en megatlon,48844,otros,AR,ARS
cuenta de gas lipigas,56025,servicios,CL,CLP
alquiler casa,828370,vivienda,AR,ARS
pago mensualidad megatlon,64060,otros,AR,ARS
pago en jumbo,31010,alimentacion,AR,ARS
suscripcion a cinepolis,40296,ocio,CL,CLP
suscripcion a udemy,399882,educacion,AR,ARS
compra en ticketek,48128,ocio,AR,ARS
pago mensualidad pacific gym,21268,otros,CL,CLP
compra en easy,468752,vivienda,AR,ARS
peaje,37053,transporte,AR,ARS
consulta optica,89848,salud,AR,ARS
entrada spotify,15038,ocio,AR,ARS
shell,23572,transporte,CL,CLP
sesion psicologo,88066,salud,CL,CLP
pago plan chilquinta,29768,servicios,CL,CLP
recarga bip!,22723,transporte,CL,CLP
pedido en la anonima,16665,alimentacion,AR,ARS
suscripcion a coursera,232909,educacion,CL,CLP
compra en easy,240470,vivienda,CL,CLP
prevencion salud,91813,salud,AR,ARS
salida a un bar,16473,ocio,CL,CLP
verduleria de barrio,56967,alimentacion,AR,ARS
colectivo,23372,transporte,AR,ARS
pago sodimac,332316,vivienda,AR,ARS
pago factura flow,85621,servicios,AR,ARS
reparacion del hogar,185197,vivienda,CL,CLP
viaje en beat,18108,transporte,CL,CLP
tramite en notaria,38201,otros,CL,CLP
panaderia,42940,alimentacion,CL,CLP
inscripcion en platzi,253078,educacion,AR,ARS
cuota jardin infantil,137722,educacion,CL,CLP
compra en barugel azulay,863123,vivienda,AR,ARS
peluqueria,42412,otros,AR,ARS
plan de internet hogar,29486,servicios,CL,CLP
mensualidad universidad catolica,212854,educacion,CL,CLP
restaurante,51456,alimentacion,AR,ARS
consulta en farmacity,45956,salud,AR,ARS
compra en construmart,387841,vivienda,CL,CLP
suscripcion a inacap,255367,educacion,CL,CLP
farmacias ahumada,21547,salud,CL,CLP
almuerzo,54209,alimentacion,CL,CLP
compra en ticketmaster,20051,ocio,CL,CLP
pago cuenta chilquinta,24897,servicios,CL,CLP
enel,20418,servicios,CL,CLP
servicio de aseo,231014,vivienda,CL,CLP
entrada a concierto,42900,ocio,CL,CLP
plan de internet hogar,24758,servicios,CL,CLP
pago en didi,36158,transporte,CL,CLP
easy,446802,vivienda,AR,ARS
compra en clinica alemana,68156,salud,CL,CLP
pago en terpel,35166,transporte,CL,CLP
pago barugel azulay,492800,vivienda,AR,ARS
pago plan gtd manquehue,59544,servicios,CL,CLP
compra en telepizza,40427,alimentacion,CL,CLP
pago cuenta wom,34734,servicios,CL,CLP
carga bencina en pullman bus,31577,transporte,CL,CLP
salida fin de semana,43949,ocio,AR,ARS
pago en sodimac,228838,vivienda,CL,CLP
spotify,50335,ocio,AR,ARS
reparacion del hogar,527900,vivienda,AR,ARS
tramite en escribania,63267,otros,AR,ARS
movistar,62940,servicios,CL,CLP
entrada cine hoyts,59138,ocio,AR,ARS
compra en sportlife,35347,otros,CL,CLP
feria la vega central,9801,alimentacion,CL,CLP
construmart,424762,vivienda,CL,CLP
pago cuenta movistar,27280,servicios,CL,CLP
pago plan chilquinta,77080,servicios,CL,CLP
jumbo,49934,alimentacion,AR,ARS
subte,19506,transporte,AR,ARS
peluqueria,33130,otros,CL,CLP
multa,32591,otros,AR,ARS
sportclub,20684,otros,AR,ARS
compra en easy,843042,vivienda,AR,ARS
consulta en farmacia del pueblo,34366,salud,AR,ARS
pago cuota farmacity,142172,salud,AR,ARS
compra en mayorista 10,41789,alimentacion,CL,CLP
cuota colegio,77756,educacion,AR,ARS
pacific gym,10401,otros,CL,CLP
metrogas,84217,servicios,AR,ARS
pago mensualidad pacific gym,14264,otros,CL,CLP
entrada cine hoyts,25617,ocio,AR,ARS
jardin de infantes,155439,educacion,AR,ARS
compra en sportclub,15657,otros,AR,ARS
pago cuota farmacia del pueblo,44962,salud,AR,ARS
steam,25380,ocio,CL,CLP
clinica davila,57521,salud,CL,CLP
pago coursera,99317,educacion,AR,ARS
peaje autopista,14543,transporte,CL,CLP
pago udemy,112500,educacion,AR,ARS
omint,99352,salud,AR,ARS
cuenta de gas metrogas,52027,servicios,CL,CLP
inscripcion en coursera,150316,educacion,AR,ARS
pago en sodimac,184436,vivienda,CL,CLP
carga bencina en terpel,32543,transporte,CL,CLP
alquiler casa,502897,vivienda,AR,ARS
suscripcion a ticketek,26978,ocio,AR,ARS
isapre cruz blanca,14807,salud,CL,CLP
pago en la anonima,19015,alimentacion,AR,ARS
pago sodimac,567403,vivienda,AR,ARS
compra en hbo max,63981,ocio,AR,ARS
almuerzo,24620,alimentacion,CL,CLP
compra en starbucks,43251,alimentacion,CL,CLP
pago en la anonima,40748,alimentacion,AR,ARS
suscripcion a cinemark,40239,ocio,AR,ARS
pago udemy,145543,educacion,AR,ARS
viaje en axion,44888,transporte,AR,ARS
vtr,51181,servicios,CL,CLP
compra en barugel azulay,373199,vivienda,AR,ARS
compra en cinepolis,23824,ocio,CL,CLP
compra en barugel azulay,305274,vivienda,AR,ARS
gasto imprevisto,26925,otros,AR,ARS
feria la vega central,44920,alimentacion,CL,CLP
plan de internet hogar,33267,servicios,AR,ARS
cabify,31027,transporte,AR,ARS
coursera,285985,educacion,CL,CLP
entrada netflix,39356,ocio,CL,CLP
panaderia,50899,alimentacion,AR,ARS
plan de internet hogar,65453,servicios,AR,ARS
examen de laboratorio,139526,salud,AR,ARS
platzi,224613,educacion,AR,ARS
viaje en puma,19300,transporte,AR,ARS
pago sodimac,550484,vivienda,AR,ARS
compra en farmacia del pueblo,114923,salud,AR,ARS
inacap,33982,educacion,CL,CLP
pago en uber,49853,transporte,AR,ARS
edenor,30215,servicios,AR,ARS
compra en farmacity,25373,salud,AR,ARS
carga nafta en shell,38213,transporte,AR,ARS
gastos comunes,218153,vivienda,CL,CLP
viaje en terpel,38118,transporte,CL,CLP
compra en sodimac,440564,vivienda,CL,CLP
compra en farmacity,56353,salud,AR,ARS
megatlon,26380,otros,AR,ARS
pago en sodimac,387764,vivienda,CL,CLP
almacen de barrio,38271,alimentacion,CL,CLP
viaje en shell,38351,transporte,CL,CLP
pedido en rappi,43242,alimentacion,CL,CLP
pago en construmart,294641,vivienda,CL,CLP
compra en clinica indisa,75701,salud,CL,CLP
wom,35753,servicios,CL,CLP
pago en construmart,311700,vivienda,CL,CLP
viaje en ypf,28617,transporte,AR,ARS
pedido en jumbo,56823,alimentacion,AR,ARS
carniceria,71858,alimentacion,AR,ARS
pago platzi,351272,educacion,AR,ARS
cuota jardin infantil,89945,educacion,CL,CLP
veterinaria,37841,otros,AR,ARS
barugel azulay,669348,vivienda,AR,ARS
inacap,106790,educacion,CL,CLP
inscripcion en duoc uc,250479,educacion,CL,CLP
coursera,270568,educacion,AR,ARS
transferencia a familiar,58825,otros,AR,ARS
restaurante,50413,alimentacion,AR,ARS
peluqueria,60400,otros,AR,ARS
restaurante,76982,alimentacion,AR,ARS
pacific gym,47839,otros,CL,CLP
plan de internet hogar,57707,servicios,AR,ARS
subte,44801,transporte,AR,ARS
salida a un bar,23464,ocio,AR,ARS
farmacia del pueblo,57990,salud,AR,ARS
entrada a concierto,46808,ocio,CL,CLP
feria lo valledor,8286,alimentacion,CL,CLP
plan de internet hogar,75237,servicios,CL,CLP
consulta en redsalud,47176,salud,CL,CLP
compra en makro,15850,alimentacion,AR,ARS
compra en hbo max,66541,ocio,AR,ARS
santa isabel,40741,alimentacion,CL,CLP
metro de santiago,22681,transporte,CL,CLP
jardin de infantes,125831,educacion,AR,ARS
burger king,20055,alimentacion,AR,ARS
beat,36081,transporte,CL,CLP
cuenta de gas abastible,43850,servicios,CL,CLP
fonasa,14869,salud,CL,CLP
carga nafta en cabify,38870,transporte,AR,ARS
alquiler casa,767896,vivienda,AR,ARS
pago factura metrogas,66616,servicios,AR,ARS
pedido en telepizza,35294,alimentacion,CL,CLP
entrada hbo max,13911,ocio,AR,ARS
consulta en integramedica,24887,salud,CL,CLP
makro,28365,alimentacion,AR,ARS
consulta en farmacia del pueblo,24172,salud,AR,ARS
veterinaria,27607,otros,CL,CLP
netflix,42339,ocio,AR,ARS
cuenta de gas metrogas,59104,servicios,CL,CLP
pago mensualidad sportlife,40593,otros,CL,CLP
inscripcion en platzi,87650,educacion,CL,CLP
coursera,163946,educacion,CL,CLP
farmacity,40863,salud,AR,ARS
suscripcion a disney plus,44736,ocio,AR,ARS
plan de internet hogar,74594,servicios,AR,ARS
pago en ypf,30292,transporte,AR,ARS
cuenta de gas lipigas,52483,servicios,CL,CLP
platzi,246650,educacion,AR,ARS
osde,12535,salud,AR,ARS
dividendo hipotecario,374978,vivienda,CL,CLP
compra en construmart,371740,vivienda,CL,CLP
pedido en jumbo,19628,alimentacion,CL,CLP
pago factura aysa,112423,servicios,AR,ARS
entrada hbo max,53906,ocio,AR,ARS
sodimac,425820,vivienda,CL,CLP
salida fin de semana,40172,ocio,CL,CLP
pago en redsalud,63028,salud,CL,CLP
turbus,10953,transporte,CL,CLP
compra en megatlon,32834,otros,AR,ARS
sportclub,33831,otros,AR,ARS
alquiler departamento,675075,vivienda,AR,ARS
compra en pacific gym,13558,otros,CL,CLP
almuerzo,26625,alimentacion,AR,ARS
entrada disney plus,64863,ocio,AR,ARS
cruz verde,81931,salud,CL,CLP
netflix,58857,ocio,AR,ARS
pago en didi,4776,transporte,CL,CLP
pago en ypf,58907,transporte,AR,ARS
peluqueria,38816,otros,CL,CLP
curso de ingles,262053,educacion,CL,CLP
examen de laboratorio,15175,salud,AR,ARS
sesion kinesiologo,47247,salud,CL,CLP
cuota colegio,383424,educacion,AR,ARS
multa,43139,otros,CL,CLP
consulta en farmacia del pueblo,36907,salud,AR,ARS
compra en cine hoyts,20230,ocio,AR,ARS
suscripcion a netflix,13990,ocio,AR,ARS
examen laboratorio,68956,salud,CL,CLP
compra en barugel azulay,662814,vivienda,AR,ARS
cine hoyts,36506,ocio,AR,ARS
cabify,33129,transporte,CL,CLP
gasto imprevisto,59379,otros,AR,ARS
sportclub,47634,otros,AR,ARS
inscripcion en coursera,217509,educacion,CL,CLP
disney plus,15350,ocio,CL,CLP
utiles escolares,325262,educacion,AR,ARS
donacion,6093,otros,CL,CLP
hbo max,59181,ocio,AR,ARS
medife,46009,salud,AR,ARS
examen de laboratorio,103977,salud,AR,ARS
suscripcion a hbo max,10752,ocio,AR,ARS
inscripcion en duoc uc,100842,educacion,CL,CLP
compra en sportlife,9653,otros,CL,CLP
permiso de circulacion,27928,transporte,CL,CLP
pago en vea,28644,alimentacion,AR,ARS
compra en easy,482237,vivienda,AR,ARS
compra en sodimac,359951,vivienda,CL,CLP
platzi,69860,educacion,AR,ARS
compra en amazon prime video,42544,ocio,CL,CLP
plan de internet hogar,93308,servicios,AR,ARS
disney plus,31017,ocio,CL,CLP
taller mecanico,49882,transporte,AR,ARS
suscripcion a disney plus,26094,ocio,AR,ARS
pago en axion,54298,transporte,AR,ARS
swiss medical,138882,salud,AR,ARS
inscripcion en coursera,150466,educacion,AR,ARS
multa,15901,otros,CL,CLP
didi,30627,transporte,CL,CLP
peluqueria,65838,otros,AR,ARS
cuota universidad privada,317605,educacion,AR,ARS
compra en sportlife,28476,otros,CL,CLP
clinica indisa,71616,salud,CL,CLP
